Wavelength,d45_Reflectance,d_Reflectance,v45_Reflectance,v_Reflectance
300.102,0.16,6.11,1,4.01
300.469,0.14,6.1,1,3.95
300.836,0.12,6.1,0.98,3.92
301.203,0.11,6.04,1.02,3.87
301.569,0.12,6.03,1.13,3.89
301.936,0.09,6.1,1.18,3.94
302.303,0.13,6.04,1.26,3.88
302.67,0.17,6.05,1.23,3.91
303.036,0.13,5.97,1.19,3.95
303.403,0.12,5.9,1.22,3.93
303.77,0.17,5.87,1.23,3.88
304.136,0.24,5.89,1.22,3.97
304.503,0.29,5.82,1.22,3.98
304.869,0.31,5.86,1.17,4.05
305.236,0.31,5.79,1.17,3.99
305.602,0.46,5.92,1.28,4.05
305.969,0.48,5.9,1.27,4
306.335,0.49,5.92,1.18,4.12
306.702,0.54,5.91,1.22,4.03
307.068,0.58,5.93,1.36,4.05
307.434,0.54,5.94,1.44,4.03
307.8,0.48,6.06,1.49,4.1
308.167,0.44,6.1,1.53,4.08
308.533,0.42,6.05,1.5,4.11
308.899,0.38,6.08,1.55,4.06
309.265,0.3,6.11,1.46,4.04
309.631,0.21,6.05,1.37,3.95
309.997,0.17,5.94,1.33,3.93
310.363,0.23,5.87,1.27,3.93
310.729,0.19,5.71,1.24,3.92
311.095,0.25,5.86,1.27,3.99
311.461,0.21,5.8,1.28,3.97
311.827,0.18,5.83,1.36,4.06
312.193,0.15,5.88,1.37,4.13
312.559,0.19,5.92,1.42,4.04
312.925,0.17,5.99,1.48,4.06
313.291,0.12,5.96,1.4,4.02
313.656,0.11,5.92,1.41,3.97
314.022,0.14,5.97,1.4,3.98
314.388,0.18,6.01,1.42,3.96
314.753,0.28,5.95,1.46,3.98
315.119,0.39,6.14,1.49,4.12
315.485,0.34,6.04,1.45,4.09
315.85,0.39,6.13,1.57,4.07
316.216,0.32,6.02,1.55,4.11
316.581,0.36,5.98,1.5,4.11
316.947,0.42,5.95,1.49,4.2
317.312,0.39,5.98,1.43,4.19
317.677,0.28,5.79,1.39,4.15
318.043,0.33,5.93,1.51,4.17
318.408,0.33,5.98,1.44,4.21
318.773,0.38,6.08,1.47,4.29
319.139,0.29,6.05,1.53,4.32
319.504,0.29,6.06,1.53,4.22
319.869,0.24,6.06,1.51,4.25
320.234,0.29,6.11,1.49,4.24
320.599,0.24,5.99,1.32,4.27
320.964,0.26,5.92,1.3,4.18
321.329,0.22,5.83,1.28,4.06
321.694,0.27,5.92,1.21,3.99
322.059,0.21,5.85,1.17,4.02
322.424,0.22,5.79,1.25,3.96
322.789,0.16,5.79,1.23,3.91
323.154,0.25,5.83,1.36,3.89
323.519,0.23,5.87,1.37,3.92
323.884,0.25,5.97,1.37,3.94
324.249,0.27,5.87,1.44,3.98
324.613,0.32,5.93,1.44,3.95
324.978,0.4,5.98,1.38,3.97
325.343,0.47,6.01,1.42,4.09
325.708,0.45,6.04,1.39,4.15
326.072,0.45,6.01,1.38,4.19
326.437,0.46,5.96,1.41,4.19
326.801,0.44,6.01,1.41,4.21
327.166,0.36,5.94,1.48,4.24
327.53,0.26,5.87,1.44,4.15
327.895,0.22,5.81,1.42,4.03
328.259,0.15,5.78,1.4,3.89
328.624,0.15,5.82,1.44,3.89
328.988,0.19,5.8,1.42,3.83
329.352,0.13,5.65,1.45,3.79
329.717,0.18,5.72,1.41,3.74
330.081,0.19,5.71,1.47,3.87
330.445,0.2,5.75,1.5,3.89
330.809,0.22,5.69,1.54,3.97
331.174,0.19,5.69,1.6,3.98
331.538,0.14,5.72,1.69,3.95
331.902,0.25,5.88,1.79,4.09
332.266,0.23,5.81,1.78,4.07
332.63,0.3,5.91,1.86,4.08
332.994,0.32,5.97,1.93,4.17
333.358,0.36,5.97,2,4.17
333.722,0.38,5.92,2.01,4.1
334.086,0.47,5.91,2.1,4.21
334.45,0.4,5.92,2.08,4.11
334.813,0.32,5.85,2.13,4.03
335.177,0.3,5.77,2.16,3.99
335.541,0.3,5.7,2.2,3.94
335.905,0.25,5.72,2.21,3.94
336.268,0.24,5.81,2.25,4.01
336.632,0.09,5.66,2.15,3.93
336.996,0.14,5.7,2.2,3.98
337.359,0.18,5.74,2.27,4.08
337.723,0.2,5.75,2.34,4.1
338.086,0.16,5.66,2.33,4.05
338.45,0.15,5.65,2.34,3.99
338.813,0.18,5.58,2.35,3.98
339.177,0.31,5.79,2.44,4.07
339.54,0.27,5.66,2.44,4.01
339.904,0.38,5.74,2.5,4
340.267,0.35,5.76,2.52,4.01
340.63,0.36,5.79,2.5,4.04
340.994,0.39,5.74,2.57,4.1
341.357,0.39,5.77,2.67,4.02
341.72,0.35,5.68,2.69,3.94
342.083,0.36,5.7,2.69,3.92
342.446,0.34,5.7,2.72,3.95
342.809,0.37,5.74,2.67,3.94
343.172,0.32,5.77,2.73,3.93
343.536,0.32,5.85,2.72,3.87
343.899,0.3,5.8,2.65,3.86
344.261,0.28,5.79,2.67,3.84
344.624,0.28,5.8,2.71,3.86
344.987,0.25,5.75,2.7,3.82
345.35,0.16,5.66,2.71,3.66
345.713,0.18,5.56,2.74,3.72
346.076,0.2,5.5,2.81,3.79
346.439,0.22,5.47,2.89,3.9
346.801,0.28,5.45,2.93,3.84
347.164,0.26,5.49,2.98,3.9
347.527,0.29,5.51,2.99,3.89
347.889,0.39,5.53,3.07,4.04
348.252,0.41,5.6,3.12,3.95
348.615,0.32,5.59,3.06,3.89
348.977,0.31,5.62,3.09,3.86
349.34,0.23,5.6,3.09,3.95
349.702,0.3,5.68,3.11,3.95
350.064,0.35,5.72,3.17,4.01
350.427,0.35,5.69,3.16,4.05
350.789,0.3,5.71,3.11,3.97
351.152,0.36,5.74,3.11,4.04
351.514,0.35,5.69,3.08,4.04
351.876,0.4,5.63,3.14,4.01
352.238,0.37,5.51,3.12,4.02
352.601,0.29,5.46,3.12,4
352.963,0.23,5.48,3.14,3.92
353.325,0.29,5.55,3.22,4.01
353.687,0.33,5.55,3.35,3.99
354.049,0.35,5.6,3.44,3.98
354.411,0.34,5.74,3.48,4.03
354.773,0.33,5.71,3.49,3.97
355.135,0.31,5.7,3.49,3.98
355.497,0.35,5.73,3.56,3.99
355.859,0.38,5.7,3.63,3.98
356.221,0.39,5.72,3.62,3.98
356.582,0.35,5.65,3.6,3.97
356.944,0.31,5.51,3.5,3.9
357.306,0.3,5.53,3.5,3.91
357.668,0.36,5.55,3.51,3.86
358.029,0.34,5.49,3.49,3.9
358.391,0.31,5.45,3.42,3.9
358.753,0.3,5.4,3.44,3.86
359.114,0.33,5.45,3.5,3.86
359.476,0.36,5.53,3.61,3.92
359.837,0.37,5.49,3.66,3.93
360.199,0.35,5.49,3.68,3.96
360.56,0.4,5.56,3.75,3.93
360.922,0.4,5.57,3.79,3.95
361.283,0.44,5.61,3.8,4.01
361.644,0.44,5.59,3.8,4.02
362.006,0.43,5.58,3.8,3.97
362.367,0.44,5.64,3.84,3.98
362.728,0.46,5.64,3.88,4
363.09,0.38,5.62,3.85,4.03
363.451,0.37,5.6,3.85,4.01
363.812,0.3,5.55,3.82,3.95
364.173,0.25,5.52,3.82,3.92
364.534,0.27,5.5,3.8,3.92
364.895,0.28,5.53,3.81,3.96
365.256,0.24,5.5,3.83,3.91
365.617,0.28,5.49,3.89,3.94
365.978,0.28,5.47,3.88,3.96
366.339,0.28,5.45,3.92,3.98
366.7,0.35,5.53,4,4.03
367.061,0.36,5.6,4.04,4.11
367.421,0.27,5.52,3.99,4.01
367.782,0.27,5.52,3.99,4.03
368.143,0.27,5.54,3.98,4.05
368.504,0.31,5.6,4.08,4.08
368.864,0.31,5.65,4.15,4.1
369.225,0.36,5.65,4.14,4.12
369.586,0.31,5.54,4.16,4.1
369.946,0.41,5.54,4.23,4.23
370.307,0.43,5.6,4.3,4.27
370.667,0.41,5.62,4.34,4.25
371.028,0.41,5.61,4.36,4.2
371.388,0.38,5.56,4.32,4.18
371.748,0.33,5.51,4.29,4.19
372.109,0.39,5.59,4.34,4.25
372.469,0.32,5.58,4.32,4.18
372.829,0.26,5.49,4.23,4.11
373.19,0.31,5.46,4.28,4.12
373.55,0.19,5.4,4.21,4.11
373.91,0.26,5.45,4.26,4.14
374.27,0.23,5.51,4.26,4.07
374.63,0.22,5.52,4.26,4.05
374.99,0.25,5.51,4.28,4.04
375.351,0.29,5.55,4.33,4.05
375.711,0.26,5.6,4.31,4.05
376.071,0.37,5.67,4.42,4.1
376.431,0.35,5.65,4.41,4.09
376.79,0.4,5.65,4.49,4.15
377.15,0.36,5.63,4.49,4.13
377.51,0.36,5.63,4.54,4.16
377.87,0.4,5.68,4.63,4.2
378.23,0.4,5.66,4.68,4.2
378.589,0.37,5.62,4.65,4.17
378.949,0.36,5.58,4.7,4.19
379.309,0.32,5.6,4.64,4.11
379.669,0.34,5.57,4.67,4.09
380.028,0.34,5.59,4.64,4.11
380.388,0.31,5.59,4.59,4.15
380.747,0.27,5.59,4.57,4.14
381.107,0.28,5.63,4.58,4.19
381.466,0.28,5.74,4.58,4.21
381.826,0.25,5.67,4.57,4.27
382.185,0.27,5.73,4.59,4.28
382.544,0.32,5.75,4.58,4.28
382.904,0.36,5.74,4.58,4.23
383.263,0.45,5.77,4.58,4.28
383.622,0.47,5.74,4.56,4.26
383.982,0.51,5.71,4.57,4.29
384.341,0.54,5.74,4.64,4.23
384.7,0.55,5.66,4.6,4.2
385.059,0.58,5.65,4.62,4.26
385.418,0.5,5.56,4.61,4.27
385.777,0.44,5.51,4.61,4.25
386.136,0.44,5.53,4.66,4.24
386.495,0.41,5.46,4.67,4.21
386.854,0.37,5.46,4.67,4.27
387.213,0.36,5.54,4.71,4.35
387.572,0.34,5.56,4.74,4.32
387.931,0.34,5.57,4.75,4.36
388.29,0.36,5.57,4.73,4.37
388.648,0.3,5.54,4.71,4.43
389.007,0.31,5.54,4.7,4.47
389.366,0.33,5.53,4.67,4.5
389.724,0.37,5.52,4.65,4.47
390.083,0.32,5.49,4.62,4.48
390.442,0.33,5.52,4.62,4.47
390.8,0.31,5.54,4.6,4.46
391.159,0.36,5.56,4.57,4.47
391.517,0.33,5.57,4.55,4.46
391.876,0.34,5.6,4.56,4.44
392.234,0.31,5.54,4.57,4.46
392.593,0.32,5.54,4.55,4.47
392.951,0.35,5.52,4.51,4.47
393.309,0.37,5.53,4.52,4.49
393.668,0.35,5.51,4.52,4.45
394.026,0.42,5.58,4.59,4.49
394.384,0.4,5.57,4.58,4.49
394.742,0.42,5.61,4.53,4.46
395.1,0.46,5.65,4.64,4.54
395.459,0.46,5.68,4.7,4.56
395.817,0.51,5.66,4.71,4.59
396.175,0.51,5.68,4.71,4.64
396.533,0.45,5.6,4.63,4.63
396.891,0.47,5.64,4.68,4.72
397.249,0.46,5.69,4.72,4.82
397.607,0.45,5.66,4.67,4.84
397.964,0.45,5.68,4.69,4.92
398.322,0.4,5.7,4.69,4.97
398.68,0.43,5.75,4.71,5.01
399.038,0.44,5.78,4.71,5.01
399.396,0.46,5.78,4.68,4.99
399.753,0.45,5.75,4.68,4.97
400.111,0.41,5.71,4.64,4.92
400.469,0.39,5.73,4.61,4.89
400.826,0.42,5.73,4.63,4.91
401.184,0.37,5.74,4.6,4.94
401.541,0.39,5.79,4.62,5.01
401.899,0.36,5.79,4.59,5.05
402.256,0.36,5.76,4.57,5.13
402.614,0.4,5.77,4.61,5.22
402.971,0.41,5.71,4.54,5.26
403.328,0.39,5.7,4.51,5.3
403.686,0.42,5.6,4.54,5.35
404.043,0.42,5.52,4.51,5.34
404.4,0.42,5.52,4.55,5.42
404.757,0.43,5.55,4.54,5.4
405.115,0.44,5.6,4.53,5.41
405.472,0.41,5.6,4.58,5.41
405.829,0.47,5.6,4.57,5.42
406.186,0.5,5.67,4.59,5.47
406.543,0.48,5.69,4.58,5.52
406.9,0.53,5.68,4.54,5.5
407.257,0.55,5.71,4.57,5.56
407.614,0.55,5.71,4.56,5.58
407.971,0.6,5.72,4.57,5.63
408.328,0.54,5.74,4.61,5.64
408.684,0.48,5.72,4.57,5.61
409.041,0.5,5.75,4.61,5.65
409.398,0.49,5.74,4.63,5.69
409.755,0.51,5.73,4.65,5.76
410.111,0.52,5.7,4.65,5.83
410.468,0.47,5.65,4.59,5.83
410.825,0.51,5.69,4.54,5.91
411.181,0.53,5.69,4.53,6
411.538,0.53,5.67,4.51,6.04
411.894,0.49,5.68,4.49,6.06
412.251,0.46,5.65,4.45,6.05
412.607,0.45,5.62,4.44,6.04
412.963,0.47,5.65,4.47,6.11
413.32,0.44,5.57,4.43,6.11
413.676,0.43,5.56,4.45,6.16
414.032,0.44,5.57,4.48,6.16
414.389,0.45,5.56,4.49,6.21
414.745,0.4,5.51,4.49,6.25
415.101,0.39,5.53,4.43,6.28
415.457,0.39,5.54,4.44,6.32
415.813,0.38,5.55,4.48,6.34
416.169,0.39,5.57,4.47,6.38
416.526,0.39,5.57,4.45,6.46
416.882,0.37,5.57,4.42,6.49
417.238,0.4,5.66,4.4,6.54
417.593,0.4,5.68,4.45,6.61
417.949,0.42,5.65,4.44,6.64
418.305,0.45,5.69,4.44,6.71
418.661,0.46,5.7,4.42,6.73
419.017,0.46,5.7,4.43,6.75
419.373,0.49,5.66,4.48,6.79
419.728,0.49,5.66,4.49,6.79
420.084,0.47,5.62,4.46,6.82
420.44,0.46,5.68,4.5,6.9
420.795,0.44,5.66,4.47,6.96
421.151,0.45,5.66,4.54,7.02
421.506,0.44,5.64,4.54,7.04
421.862,0.44,5.71,4.53,7.11
422.217,0.44,5.68,4.49,7.17
422.573,0.46,5.69,4.48,7.24
422.928,0.46,5.66,4.46,7.29
423.284,0.46,5.67,4.49,7.32
423.639,0.46,5.67,4.46,7.35
423.994,0.49,5.7,4.44,7.43
424.35,0.5,5.68,4.46,7.5
424.705,0.51,5.68,4.5,7.6
425.06,0.53,5.67,4.55,7.63
425.415,0.55,5.69,4.59,7.67
425.77,0.57,5.7,4.57,7.71
426.125,0.57,5.69,4.57,7.8
426.48,0.55,5.68,4.56,7.8
426.835,0.54,5.68,4.6,7.87
427.19,0.59,5.72,4.65,7.91
427.545,0.57,5.75,4.66,7.99
427.9,0.58,5.77,4.67,8.05
428.255,0.58,5.78,4.69,8.15
428.61,0.57,5.79,4.72,8.19
428.965,0.58,5.85,4.78,8.27
429.32,0.58,5.85,4.73,8.26
429.674,0.55,5.83,4.71,8.26
430.029,0.56,5.84,4.77,8.31
430.384,0.53,5.81,4.73,8.37
430.738,0.53,5.82,4.76,8.39
431.093,0.54,5.86,4.78,8.4
431.447,0.55,5.82,4.83,8.48
431.802,0.56,5.89,4.87,8.66
432.156,0.56,5.94,4.91,8.84
432.511,0.63,5.96,4.96,9.07
432.865,0.67,6.02,5.02,9.33
433.22,0.73,6.03,5.1,9.62
433.574,0.74,6,5.13,9.93
433.928,0.8,6.08,5.14,10.21
434.283,0.83,6.06,5.19,10.34
434.637,0.84,6.04,5.16,10.41
434.991,0.79,6.06,5.09,10.35
435.345,0.78,6.06,5.09,10.3
435.699,0.73,6.05,5.06,10.19
436.053,0.72,6.06,5.1,10.06
436.407,0.69,6.07,5.11,9.97
436.761,0.68,6.07,5.11,9.87
437.115,0.69,6.1,5.19,9.83
437.469,0.7,6.08,5.22,9.77
437.823,0.68,6.1,5.27,9.72
438.177,0.72,6.07,5.27,9.66
438.531,0.73,6.08,5.26,9.63
438.885,0.69,6.01,5.28,9.53
439.238,0.66,5.97,5.31,9.45
439.592,0.67,5.96,5.3,9.38
439.946,0.64,5.97,5.3,9.36
440.3,0.64,5.94,5.3,9.26
440.653,0.61,5.94,5.31,9.26
441.007,0.59,5.96,5.29,9.24
441.36,0.6,5.99,5.32,9.27
441.714,0.6,6.05,5.32,9.31
442.067,0.56,6.05,5.31,9.34
442.421,0.56,6.05,5.33,9.36
442.774,0.54,6.06,5.32,9.44
443.127,0.52,6.08,5.31,9.41
443.481,0.53,6.07,5.35,9.42
443.834,0.53,6.09,5.32,9.45
444.187,0.51,6.06,5.3,9.44
444.541,0.52,6.09,5.34,9.44
444.894,0.54,6.12,5.37,9.48
445.247,0.57,6.15,5.42,9.47
445.6,0.55,6.13,5.44,9.51
445.953,0.56,6.15,5.44,9.57
446.306,0.56,6.14,5.47,9.54
446.659,0.59,6.16,5.55,9.62
447.012,0.59,6.14,5.52,9.65
447.365,0.61,6.14,5.54,9.67
447.718,0.61,6.14,5.53,9.72
448.071,0.63,6.18,5.55,9.75
448.424,0.62,6.17,5.56,9.7
448.776,0.65,6.2,5.59,9.74
449.129,0.64,6.21,5.55,9.7
449.482,0.68,6.24,5.61,9.71
449.834,0.66,6.26,5.6,9.72
450.187,0.65,6.26,5.6,9.69
450.54,0.67,6.29,5.64,9.7
450.892,0.71,6.32,5.69,9.81
451.245,0.69,6.33,5.71,9.84
451.597,0.68,6.34,5.73,9.89
451.95,0.67,6.36,5.75,9.98
452.302,0.66,6.37,5.79,9.99
452.655,0.67,6.38,5.82,10.04
453.007,0.68,6.4,5.83,10.1
453.359,0.65,6.36,5.82,10.09
453.712,0.68,6.39,5.79,10.1
454.064,0.68,6.41,5.82,10.1
454.416,0.68,6.45,5.82,10.1
454.768,0.68,6.44,5.79,10.11
455.12,0.68,6.49,5.81,10.14
455.472,0.66,6.44,5.81,10.13
455.824,0.64,6.49,5.83,10.12
456.176,0.64,6.49,5.9,10.15
456.528,0.68,6.48,5.93,10.16
456.88,0.64,6.45,5.96,10.14
457.232,0.64,6.42,5.97,10.14
457.584,0.63,6.39,5.96,10.09
457.936,0.62,6.4,5.98,10.11
458.288,0.65,6.37,5.99,10.15
458.64,0.62,6.35,5.98,10.18
458.991,0.63,6.38,5.98,10.24
459.343,0.68,6.4,5.99,10.3
459.695,0.66,6.42,6.04,10.31
460.046,0.67,6.41,6.06,10.4
460.398,0.67,6.41,6.06,10.43
460.749,0.65,6.45,6.04,10.44
461.101,0.67,6.44,6.03,10.42
461.452,0.6,6.41,6.06,10.39
461.804,0.59,6.41,6.06,10.42
462.155,0.6,6.43,6.02,10.43
462.507,0.65,6.53,6.06,10.44
462.858,0.71,6.57,6.11,10.53
463.209,0.73,6.64,6.18,10.52
463.56,0.76,6.68,6.26,10.59
463.912,0.77,6.69,6.24,10.64
464.263,0.8,6.7,6.26,10.66
464.614,0.82,6.74,6.34,10.71
464.965,0.77,6.69,6.35,10.77
465.316,0.73,6.71,6.33,10.76
465.667,0.72,6.68,6.31,10.84
466.018,0.7,6.71,6.27,10.88
466.369,0.72,6.76,6.31,10.94
466.72,0.69,6.78,6.33,10.93
467.071,0.65,6.77,6.3,10.95
467.422,0.67,6.79,6.34,10.97
467.773,0.66,6.75,6.37,10.98
468.123,0.68,6.76,6.42,10.98
468.474,0.67,6.75,6.41,10.97
468.825,0.68,6.77,6.43,11
469.175,0.68,6.76,6.43,11.07
469.526,0.71,6.75,6.44,11.14
469.877,0.72,6.73,6.4,11.14
470.227,0.72,6.8,6.39,11.18
470.578,0.7,6.83,6.39,11.2
470.928,0.72,6.81,6.43,11.27
471.279,0.74,6.79,6.39,11.26
471.629,0.73,6.8,6.46,11.28
471.979,0.75,6.85,6.47,11.29
472.33,0.77,6.93,6.53,11.37
472.68,0.78,6.87,6.55,11.45
473.03,0.79,6.9,6.54,11.47
473.381,0.76,6.93,6.55,11.48
473.731,0.72,6.93,6.56,11.54
474.081,0.76,6.94,6.52,11.62
474.431,0.77,6.98,6.55,11.69
474.781,0.75,6.97,6.53,11.73
475.131,0.77,7.03,6.53,11.74
475.481,0.79,7.03,6.51,11.82
475.831,0.82,7.02,6.51,11.86
476.181,0.86,7.06,6.52,11.91
476.531,0.84,7.09,6.51,11.91
476.881,0.85,7.05,6.47,11.89
477.231,0.87,7.08,6.5,11.89
477.58,0.88,7.09,6.52,11.91
477.93,0.89,7.07,6.53,11.89
478.28,0.88,7.09,6.54,11.94
478.63,0.86,7.08,6.55,11.96
478.979,0.84,7.07,6.53,11.94
479.329,0.8,7.07,6.54,11.95
479.678,0.79,7.07,6.5,11.99
480.028,0.77,7.09,6.46,11.99
480.377,0.75,7.12,6.5,12.09
480.727,0.76,7.24,6.54,12.25
481.076,0.78,7.39,6.65,12.54
481.426,0.82,7.62,6.88,12.94
481.775,0.85,7.85,7.11,13.4
482.124,0.86,8.05,7.37,13.84
482.473,0.89,8.24,7.57,14.29
482.823,0.91,8.44,7.73,14.68
483.172,0.93,8.59,7.89,14.96
483.521,0.95,8.67,7.99,15.14
483.87,0.96,8.69,7.99,15.27
484.219,0.98,8.72,7.99,15.36
484.568,1,8.78,8,15.45
484.917,1,8.88,8.05,15.58
485.266,1,8.97,8.14,15.78
485.615,1.01,9.05,8.23,16.01
485.964,0.99,9.13,8.29,16.22
486.313,0.98,9.17,8.34,16.28
486.662,0.96,9.15,8.34,16.31
487.01,0.95,9.08,8.28,16.23
487.359,0.94,8.95,8.2,16.06
487.708,0.92,8.79,8.04,15.82
488.056,0.91,8.64,7.88,15.59
488.405,0.91,8.54,7.74,15.36
488.754,0.93,8.48,7.65,15.29
489.102,0.94,8.45,7.6,15.23
489.451,0.95,8.44,7.59,15.28
489.799,0.97,8.44,7.58,15.32
490.148,0.98,8.47,7.6,15.36
490.496,0.98,8.43,7.59,15.35
490.844,1,8.37,7.59,15.34
491.193,0.99,8.29,7.55,15.21
491.541,0.99,8.22,7.47,15.05
491.889,0.98,8.1,7.36,14.86
492.238,0.97,8,7.23,14.71
492.586,0.96,7.86,7.13,14.54
492.934,0.94,7.79,7.05,14.4
493.282,0.92,7.74,6.96,14.26
493.63,0.91,7.74,6.9,14.26
493.978,0.88,7.7,6.87,14.25
494.326,0.87,7.7,6.87,14.25
494.674,0.89,7.7,6.88,14.27
495.022,0.88,7.72,6.88,14.32
495.37,0.89,7.75,6.88,14.4
495.718,0.88,7.74,6.89,14.47
496.065,0.89,7.75,6.92,14.5
496.413,0.92,7.76,6.93,14.56
496.761,0.93,7.8,6.95,14.65
497.109,0.89,7.8,6.98,14.7
497.456,0.91,7.83,6.99,14.73
497.804,0.95,7.83,7.02,14.79
498.151,0.97,7.86,7.05,14.83
498.499,0.96,7.9,7.01,14.86
498.846,0.94,7.91,7,14.89
499.194,0.96,7.92,7.02,14.9
499.541,1,7.98,7.01,14.97
499.889,1,8,6.97,15.02
500.236,1,8.08,6.95,15.01
500.583,1.03,8.14,6.98,15.11
500.931,1.02,8.13,7,15.22
501.278,1.02,8.17,7,15.26
501.625,1.03,8.19,7.01,15.33
501.972,1.04,8.22,7.05,15.42
502.319,1.04,8.24,7.1,15.52
502.666,1.04,8.22,7.12,15.62
503.014,1,8.22,7.12,15.67
503.361,1.03,8.25,7.16,15.68
503.707,1.02,8.28,7.17,15.73
504.054,1.02,8.31,7.12,15.84
504.401,1,8.3,7.09,15.81
504.748,1.01,8.33,7.07,15.89
505.095,0.99,8.36,7.08,15.95
505.442,1.01,8.38,7.09,16.04
505.789,1.01,8.42,7.04,16.18
506.135,1.01,8.45,7.07,16.28
506.482,1,8.45,7.11,16.36
506.829,0.99,8.49,7.08,16.49
507.175,0.99,8.53,7.16,16.53
507.522,0.96,8.5,7.14,16.58
507.868,0.94,8.49,7.16,16.68
508.215,0.93,8.49,7.2,16.77
508.561,0.95,8.52,7.16,16.9
508.908,0.95,8.54,7.15,17.01
509.254,0.97,8.55,7.15,17.1
509.6,1,8.59,7.14,17.21
509.947,1.04,8.64,7.15,17.36
510.293,1.05,8.71,7.15,17.42
510.639,1.07,8.78,7.12,17.55
510.985,1.06,8.79,7.15,17.63
511.331,1.07,8.8,7.17,17.74
511.677,1.06,8.82,7.22,17.82
512.023,1.01,8.8,7.19,17.9
512.37,1.03,8.85,7.23,17.99
512.715,1.03,8.86,7.23,18.12
513.061,1,8.81,7.22,18.16
513.407,1,8.82,7.23,18.27
513.753,0.98,8.88,7.19,18.4
514.099,1,8.89,7.17,18.52
514.445,1.03,8.91,7.15,18.67
514.791,1.03,8.9,7.1,18.79
515.136,1.03,8.92,7.06,18.9
515.482,1.04,8.96,7.08,19.04
515.828,1.07,8.99,7.04,19.14
516.173,1.1,9.02,7.05,19.24
516.519,1.07,9.05,7.05,19.41
516.864,1.07,9.1,7.08,19.49
517.21,1.04,9.14,7.1,19.66
517.555,1.05,9.16,7.12,19.76
517.901,1.08,9.19,7.12,19.89
518.246,1.07,9.23,7.12,20.02
518.591,1.07,9.2,7.1,20.13
518.937,1.09,9.25,7.11,20.24
519.282,1.11,9.29,7.09,20.38
519.627,1.1,9.32,7.08,20.5
519.972,1.1,9.36,7.07,20.65
520.318,1.11,9.38,7.06,20.78
520.663,1.11,9.38,7.02,20.89
521.008,1.12,9.44,7.02,21.04
521.353,1.15,9.49,7.02,21.18
521.698,1.14,9.46,6.97,21.28
522.043,1.18,9.51,6.94,21.44
522.388,1.17,9.51,6.91,21.62
522.733,1.16,9.51,6.92,21.76
523.077,1.17,9.58,6.95,21.94
523.422,1.17,9.61,6.95,22.13
523.767,1.16,9.61,6.9,22.27
524.112,1.15,9.71,6.9,22.55
524.456,1.16,9.74,6.91,22.76
524.801,1.19,9.83,6.95,22.97
525.146,1.2,9.97,6.93,23.26
525.49,1.22,10.08,6.99,23.73
525.835,1.23,10.33,7.09,24.31
526.179,1.26,10.57,7.26,25.08
526.524,1.3,10.79,7.43,25.87
526.868,1.32,11.06,7.57,26.61
527.213,1.34,11.28,7.68,27.4
527.557,1.37,11.47,7.83,28.05
527.901,1.4,11.58,7.89,28.41
528.245,1.4,11.59,7.91,28.64
528.59,1.4,11.62,7.89,28.65
528.934,1.39,11.56,7.83,28.51
529.278,1.38,11.43,7.76,28.35
529.622,1.37,11.37,7.68,28.13
529.966,1.37,11.29,7.6,27.95
530.31,1.36,11.31,7.55,27.96
530.654,1.38,11.32,7.5,28
530.998,1.36,11.32,7.41,28.06
531.342,1.37,11.34,7.35,28.12
531.686,1.37,11.36,7.3,28.17
532.03,1.38,11.33,7.25,28.18
532.374,1.37,11.29,7.17,28.17
532.717,1.35,11.19,7.07,28.04
533.061,1.36,11.11,6.98,27.93
533.405,1.36,11.05,6.94,27.81
533.748,1.37,11,6.87,27.78
534.092,1.36,10.95,6.82,27.74
534.436,1.34,10.91,6.76,27.78
534.779,1.36,10.94,6.7,27.84
535.123,1.39,10.95,6.7,27.99
535.466,1.36,10.97,6.69,28.1
535.81,1.38,10.94,6.67,28.27
536.153,1.39,10.94,6.65,28.37
536.496,1.42,10.98,6.63,28.54
536.84,1.45,11.02,6.61,28.69
537.183,1.45,11.01,6.62,28.92
537.526,1.46,11.06,6.55,29.15
537.869,1.49,11.08,6.56,29.42
538.212,1.51,11.14,6.56,29.81
538.555,1.52,11.23,6.55,30.32
538.899,1.55,11.32,6.57,30.98
539.242,1.57,11.47,6.65,31.75
539.585,1.58,11.58,6.7,32.52
539.928,1.62,11.68,6.79,33.46
540.27,1.67,11.79,6.82,34.34
540.613,1.71,11.89,6.87,35.16
540.956,1.77,11.96,6.93,35.98
541.299,1.79,11.98,6.95,36.6
541.642,1.83,11.96,6.93,37.23
541.984,1.88,11.98,6.94,37.76
542.327,1.93,11.99,6.95,38.19
542.67,1.96,12.03,6.97,38.68
543.012,1.99,12.06,6.96,39.25
543.355,2.04,12.1,6.99,39.68
543.697,2.08,12.16,7,40.13
544.04,2.11,12.23,7.03,40.44
544.382,2.13,12.22,7.03,40.65
544.725,2.14,12.27,7.03,40.72
545.067,2.15,12.26,7.03,40.61
545.41,2.16,12.26,7.02,40.25
545.752,2.15,12.26,6.99,40.05
546.094,2.16,12.27,6.98,39.78
546.436,2.14,12.28,6.94,39.43
546.778,2.15,12.36,6.9,39.18
547.121,2.13,12.35,6.86,38.99
547.463,2.11,12.39,6.8,38.79
547.805,2.07,12.43,6.78,38.64
548.147,2.05,12.52,6.76,38.4
548.489,1.99,12.51,6.75,38.08
548.831,1.94,12.52,6.74,37.84
549.173,1.9,12.56,6.76,37.56
549.514,1.92,12.62,6.8,37.43
549.856,1.92,12.63,6.83,37.2
550.198,1.91,12.64,6.82,37.03
550.54,1.91,12.62,6.82,36.9
550.882,1.9,12.67,6.77,36.78
551.223,1.94,12.65,6.81,36.65
551.565,1.94,12.71,6.83,36.71
551.906,1.9,12.74,6.83,36.53
552.248,1.86,12.75,6.84,36.47
552.589,1.86,12.8,6.84,36.43
552.931,1.85,12.81,6.84,36.32
553.272,1.84,12.87,6.86,36.39
553.614,1.84,12.98,6.83,36.49
553.955,1.85,12.95,6.79,36.33
554.296,1.86,12.94,6.8,36.19
554.638,1.87,13.03,6.8,36.21
554.979,1.86,13.06,6.82,36.16
555.32,1.85,13.1,6.83,36.14
555.661,1.88,13.11,6.86,36.02
556.002,1.87,13.08,6.87,35.94
556.344,1.84,13.14,6.88,35.88
556.685,1.83,13.18,6.85,35.92
557.026,1.85,13.18,6.85,35.92
557.367,1.86,13.21,6.84,36.05
557.707,1.88,13.27,6.84,36.07
558.048,1.87,13.33,6.8,36.19
558.389,1.89,13.4,6.82,36.28
558.73,1.92,13.41,6.83,36.38
559.071,1.95,13.47,6.86,36.56
559.412,1.91,13.53,6.87,36.56
559.752,1.87,13.6,6.91,36.63
560.093,1.82,13.59,6.89,36.67
560.433,1.79,13.59,6.91,36.67
560.774,1.79,13.64,6.91,36.72
561.115,1.81,13.71,6.94,36.92
561.455,1.79,13.76,6.99,36.95
561.796,1.83,13.77,6.94,37.03
562.136,1.86,13.82,6.89,37.11
562.476,1.93,13.86,6.87,37.21
562.817,1.94,13.83,6.8,37.23
563.157,1.92,13.86,6.8,37.3
563.497,1.89,13.85,6.77,37.26
563.837,1.9,13.91,6.72,37.3
564.178,1.91,13.98,6.78,37.4
564.518,1.9,13.96,6.78,37.38
564.858,1.86,14.04,6.79,37.46
565.198,1.89,14.17,6.86,37.69
565.538,1.92,14.19,6.84,37.83
565.878,1.97,14.34,6.84,37.96
566.218,2,14.34,6.82,38.07
566.558,2,14.37,6.8,38.1
566.898,2,14.4,6.83,38.11
567.237,1.99,14.39,6.78,38.12
567.577,1.97,14.41,6.77,38.09
567.917,1.99,14.42,6.74,38.1
568.257,1.99,14.37,6.7,38.1
568.596,1.94,14.4,6.68,38.17
568.936,1.93,14.39,6.63,38.28
569.275,1.98,14.4,6.63,38.44
569.615,1.99,14.47,6.66,38.61
569.955,2.02,14.5,6.66,38.79
570.294,2,14.58,6.64,38.84
570.633,1.97,14.62,6.66,38.94
570.973,2,14.66,6.67,38.94
571.312,2.03,14.69,6.7,39.03
571.651,2,14.78,6.61,39.12
571.991,2,14.81,6.61,39.07
572.33,2.02,14.85,6.62,39.13
572.669,2.01,14.86,6.64,39.26
573.008,1.97,14.88,6.61,39.37
573.347,1.97,14.89,6.58,39.52
573.686,1.98,14.95,6.54,39.62
574.025,1.97,14.97,6.6,39.67
574.364,2.03,15.03,6.6,39.88
574.703,2.02,15.06,6.54,40.01
575.042,2.07,15.09,6.5,40.13
575.381,2.12,15.17,6.51,40.29
575.72,2.11,15.22,6.54,40.51
576.059,2.14,15.27,6.49,40.73
576.398,2.17,15.43,6.46,41.08
576.736,2.16,15.45,6.43,41.37
577.075,2.17,15.54,6.45,41.66
577.414,2.16,15.63,6.51,42
577.752,2.25,15.71,6.56,42.26
578.091,2.33,15.84,6.63,42.55
578.429,2.34,15.91,6.72,42.87
578.768,2.45,15.86,6.76,43.12
579.106,2.53,16.01,6.84,43.48
579.445,2.61,16.04,6.87,43.74
579.783,2.7,16.13,6.94,44.05
580.121,2.67,16.2,6.93,44.31
580.459,2.66,16.21,6.91,44.54
580.798,2.73,16.29,6.94,44.89
581.136,2.67,16.4,6.98,45.21
581.474,2.65,16.47,7.01,45.34
581.812,2.64,16.52,7.06,45.51
582.15,2.58,16.5,7,45.62
582.488,2.63,16.5,7.04,45.76
582.826,2.65,16.64,7.07,45.82
583.164,2.65,16.65,7.11,45.82
583.502,2.68,16.71,7.16,45.89
583.84,2.66,16.67,7.16,46.08
584.178,2.66,16.76,7.25,46.32
584.516,2.71,16.83,7.34,46.5
584.853,2.74,16.96,7.41,46.92
585.191,2.73,16.99,7.42,47.31
585.529,2.76,17.03,7.45,47.58
585.866,2.8,17.05,7.49,47.83
586.204,2.85,17.17,7.59,47.97
586.542,2.86,17.18,7.59,48.01
586.879,2.86,17.26,7.63,48
587.216,2.85,17.33,7.7,47.95
587.554,2.87,17.34,7.76,47.76
587.891,2.87,17.45,7.88,47.65
588.229,2.82,17.53,7.98,47.35
588.566,2.8,17.53,8.05,47.11
588.903,2.81,17.66,8.06,46.84
589.24,2.79,17.66,8.11,46.79
589.578,2.82,17.65,8.19,46.62
589.915,2.83,17.63,8.24,46.67
590.252,2.81,17.62,8.31,46.71
590.589,2.81,17.54,8.31,46.75
590.926,2.89,17.57,8.31,46.86
591.263,2.88,17.5,8.35,46.8
591.6,2.92,17.57,8.41,46.72
591.937,2.83,17.49,8.36,46.6
592.274,2.85,17.53,8.46,46.23
592.611,2.86,17.55,8.38,45.89
592.947,2.9,17.69,8.4,45.7
593.284,2.8,17.68,8.44,45.44
593.621,2.73,17.73,8.48,45.32
593.957,2.69,17.7,8.49,45.14
594.294,2.72,17.71,8.47,44.89
594.631,2.69,17.75,8.43,44.82
594.967,2.68,17.68,8.48,44.67
595.304,2.66,17.57,8.46,44.51
595.64,2.69,17.58,8.41,44.26
595.977,2.72,17.53,8.41,44.18
596.313,2.76,17.57,8.46,44.17
596.649,2.81,17.6,8.56,44.28
596.986,2.81,17.65,8.63,44.34
597.322,2.8,17.72,8.62,44.44
597.658,2.85,17.84,8.71,44.6
597.994,2.84,17.93,8.74,44.8
598.33,2.88,17.96,8.83,44.95
598.667,2.76,17.97,8.8,44.92
599.003,2.72,17.99,8.82,44.78
599.339,2.71,17.97,8.86,44.84
599.675,2.74,18.09,8.97,44.77
600.011,2.67,18.18,8.98,44.73
600.347,2.7,18.16,9.07,44.69
600.682,2.68,18.23,9.08,44.56
601.018,2.73,18.21,9.1,44.45
601.354,2.71,18.24,9.07,44.37
601.69,2.71,18.3,9.06,44.24
602.025,2.71,18.25,9.01,44
602.361,2.72,18.23,9.07,43.84
602.697,2.71,18.27,9.13,43.86
603.032,2.77,18.3,9.16,43.85
603.368,2.81,18.37,9.19,43.94
603.703,2.83,18.46,9.21,44.15
604.039,2.89,18.46,9.18,44.21
604.374,2.89,18.48,9.21,44.42
604.71,2.89,18.42,9.18,44.59
605.045,2.92,18.47,9.15,44.59
605.38,2.93,18.48,9.12,44.83
605.715,2.92,18.52,9.17,44.99
606.051,2.96,18.56,9.19,45.17
606.386,2.89,18.51,9.25,45.34
606.721,2.93,18.62,9.24,45.79
607.056,2.94,18.8,9.28,46.18
607.391,2.99,18.81,9.36,46.83
607.726,3.07,19,9.54,47.99
608.061,3.27,19.22,9.78,49.88
608.396,3.48,19.47,10.11,52.39
608.731,3.8,19.98,10.49,55.54
609.066,4.06,20.32,10.97,58.92
609.4,4.51,20.76,11.54,62.59
609.735,4.88,21.25,11.96,66.03
610.07,5.16,21.64,12.32,68.6
610.405,5.29,21.88,12.49,70.24
610.739,5.47,22.04,12.63,71.02
611.074,5.53,22.08,12.64,71.08
611.408,5.53,22.06,12.61,70.55
611.743,5.43,21.94,12.48,69.64
612.077,5.36,21.94,12.42,68.78
612.412,5.28,21.82,12.33,67.95
612.746,5.26,21.76,12.31,67.21
613.081,5.23,21.69,12.25,66.37
613.415,5.15,21.63,12.23,65.45
613.749,5.07,21.65,12.07,64.33
614.083,4.87,21.57,11.82,62.75
614.418,4.69,21.44,11.52,61.32
614.752,4.48,21.36,11.25,59.67
615.086,4.34,21.31,11.15,58.13
615.42,4.08,21.32,10.95,56.63
615.754,3.93,21.24,10.72,55.3
616.088,3.88,21.15,10.58,54.2
616.422,3.77,21.1,10.47,53.44
616.756,3.71,21.09,10.5,52.66
617.09,3.71,21.06,10.54,52.4
617.424,3.7,21.03,10.47,52.2
617.757,3.67,20.97,10.48,51.86
618.091,3.69,20.85,10.47,51.63
618.425,3.62,20.58,10.53,51.44
618.758,3.69,20.53,10.56,51.43
619.092,3.65,20.51,10.53,51.28
619.426,3.58,20.43,10.51,50.98
619.759,3.58,20.45,10.49,50.71
620.093,3.62,20.54,10.46,50.72
620.426,3.54,20.64,10.45,50.62
620.759,3.56,20.91,10.41,50.52
621.093,3.48,20.92,10.35,50.26
621.426,3.52,20.98,10.31,50.18
621.759,3.56,21.1,10.27,50.33
622.093,3.53,21.07,10.19,50.2
622.426,3.48,20.96,10.18,50.12
622.759,3.56,21.06,10.17,50.12
623.092,3.54,20.99,10.1,50
623.425,3.5,20.98,10.14,49.92
623.758,3.42,20.92,10.12,49.6
624.091,3.4,21.02,10.16,49.44
624.424,3.37,21.07,10.16,49.33
624.757,3.4,21.09,10.09,49.14
625.09,3.24,20.95,9.99,48.88
625.423,3.22,20.96,10,48.87
625.756,3.3,21.01,10.01,48.93
626.089,3.39,20.94,10.07,49.11
626.421,3.5,20.83,10,48.95
626.754,3.53,20.87,10,48.87
627.087,3.52,20.85,9.96,48.9
627.419,3.64,20.88,10.01,48.98
627.752,3.65,21.05,10.07,49.14
628.084,3.68,21.08,10.1,49.37
628.417,3.7,21.25,10.13,49.64
628.749,3.64,21.38,10.17,49.86
629.081,3.7,21.46,10.22,50.23
629.414,3.73,21.68,10.32,50.51
629.746,3.8,22.04,10.43,50.78
630.078,3.86,22.03,10.44,50.79
630.411,3.82,22.06,10.36,50.58
630.743,3.78,22.07,10.22,50.51
631.075,3.8,22.03,10.28,50.41
631.407,3.74,21.88,10.23,50.13
631.739,3.71,21.8,10.24,49.87
632.071,3.67,21.6,10.16,49.6
632.403,3.7,21.57,10.13,49.3
632.735,3.72,21.57,10.18,49
633.067,3.71,21.62,10.29,48.58
633.399,3.68,21.56,10.15,48.29
633.73,3.67,21.66,10.19,48.12
634.062,3.69,21.66,10.13,48
634.394,3.63,21.6,10.15,47.72
634.726,3.57,21.58,10.14,47.52
635.057,3.52,21.6,10.17,47.46
635.389,3.51,21.57,10.1,47.39
635.72,3.59,21.59,10.22,47.28
636.052,3.66,21.69,10.26,47.2
636.383,3.7,21.67,10.28,46.94
636.715,3.71,21.75,10.25,47.06
637.046,3.71,21.65,10.3,47.08
637.378,3.67,21.7,10.16,47.03
637.709,3.65,21.76,10.22,47.01
638.04,3.52,21.82,10.22,47.12
638.371,3.32,21.77,10.07,47.23
638.703,3.3,21.97,10.14,47.41
639.034,3.24,22.01,10.1,47.24
639.365,3.16,22.2,10.01,47.2
639.696,3.31,22.38,10.1,47.3
640.027,3.42,22.34,10.14,47.43
640.358,3.47,22.43,10.11,47.28
640.689,3.69,22.5,10.21,47.29
641.02,3.68,22.42,10.16,47.46
641.351,3.76,22.55,10.14,47.39
641.681,3.84,22.66,10.17,47.41
642.012,3.69,22.53,10.11,47.54
642.343,3.62,22.58,10.04,47.46
642.674,3.59,22.61,9.98,47.54
643.004,3.52,22.68,10.01,47.61
643.335,3.55,22.69,10,47.49
643.665,3.62,22.6,9.94,47.74
643.996,3.62,22.62,9.97,47.82
644.326,3.66,22.69,9.93,47.86
644.657,3.76,22.86,9.97,48.38
644.987,3.74,22.98,9.94,48.46
645.317,3.75,23.03,9.89,48.39
645.648,3.72,23.12,9.95,48.47
645.978,3.73,23.2,10.06,48.34
646.308,3.79,23.23,10.02,48.41
646.638,3.82,23.35,10.13,48.18
646.969,3.72,23.43,10.24,47.9
647.299,3.78,23.34,10.34,48
647.629,3.8,23.35,10.42,48.35
647.959,3.73,23.38,10.38,48.3
648.289,3.67,23.3,10.35,48.55
648.619,3.67,23.39,10.38,48.89
648.949,3.74,23.35,10.31,49.08
649.278,3.79,23.24,10.2,49.02
649.608,3.72,23.3,10.05,49.12
649.938,3.73,23.29,9.97,49.02
650.268,3.75,23.25,9.9,49.19
650.597,3.83,23.44,9.86,49.25
650.927,3.88,23.42,9.94,49.18
651.257,3.89,23.59,9.98,49.36
651.586,3.9,23.61,9.95,49.42
651.916,3.99,23.61,10.06,49.21
652.245,4.05,23.62,10.07,49.16
652.575,4.13,23.69,10.17,49.24
652.904,4.1,23.71,10.35,49.36
653.233,4.07,23.79,10.26,49.44
653.563,4.1,23.63,10.28,49.34
653.892,4.14,23.88,10.35,49.31
654.221,4.18,23.96,10.27,49.28
654.55,4.22,24.06,10.31,49.24
654.879,4.17,24.07,10.2,49.07
655.208,4.14,24.1,10.15,48.9
655.537,4.26,24.12,10.23,48.72
655.867,4.23,24.25,10.17,48.9
656.195,4.14,24.1,10.11,48.77
656.524,4.19,24.33,10.2,49.21
656.853,4.19,24.25,10.11,49.03
657.182,4.18,24.3,10.18,49.21
657.511,4.12,24.25,10.07,48.99
657.84,4.01,24.3,9.95,48.93
658.168,4.02,24.29,9.87,48.73
658.497,4.02,24.33,9.83,48.93
658.826,3.92,24.14,9.75,48.61
659.154,3.82,24.2,9.76,48.83
659.483,3.81,24.33,9.72,48.72
659.811,3.94,24.48,9.89,49.05
660.14,4.03,24.56,9.94,49.1
660.468,4.04,24.57,10.13,49.15
660.797,4,24.6,10.14,49.37
661.125,4.1,24.66,10.23,49.72
661.453,4.05,24.59,10.21,49.68
661.781,4.18,24.61,10.29,49.64
662.11,4.12,24.55,10.14,49.67
662.438,4,24.49,10.1,49.72
662.766,3.99,24.72,10.13,49.89
663.094,4.02,24.87,10.16,49.69
663.422,4.02,25.07,10.12,49.6
663.75,4.19,25.36,10.23,49.88
664.078,4.22,25.49,10.23,50.24
664.406,4.27,25.59,10.33,50.23
664.734,4.41,25.72,10.43,50.17
665.062,4.39,25.65,10.33,50.17
665.389,4.35,25.55,10.2,50.1
665.717,4.36,25.5,10.3,50.08
666.045,4.32,25.5,10.13,49.61
666.372,4.28,25.47,10.25,49.54
666.7,4.16,25.55,10.24,49.66
667.028,4.11,25.67,10.16,49.94
667.355,4.09,25.69,10.11,49.78
667.683,4.25,25.81,10.23,50.03
668.01,4.27,25.94,10.18,49.86
668.337,4.24,25.93,10.36,50.24
668.665,4.1,25.97,10.14,50.24
668.992,4.23,26.01,10.14,50.17
669.319,4.19,25.83,10.09,49.97
669.647,4.23,25.97,10.14,50.1
669.974,4.27,25.92,10.03,50.12
670.301,4.37,26.03,10.07,50.42
670.628,4.39,26.04,10.02,50.31
670.955,4.57,25.95,10.07,50.43
671.282,4.42,25.82,9.96,50.41
671.609,4.35,25.87,9.97,50.56
671.936,4.29,25.86,9.96,50.52
672.263,4.27,25.98,10.17,50.47
672.59,4.03,25.7,9.9,50.37
672.917,4.11,25.74,9.99,50.46
673.243,4.05,25.88,9.91,50.38
673.57,4.4,26.2,9.96,50.49
673.897,4.43,26.43,10.01,50.35
674.223,4.49,26.21,9.93,50.5
674.55,4.56,26.31,9.71,50.41
674.877,4.72,26.47,9.72,50.61
675.203,4.62,26.56,9.39,50.62
675.53,4.59,26.55,9.54,50.47
675.856,4.37,26.39,9.52,50.22
676.182,4.37,26.36,9.5,50.51
676.509,4.48,26.55,9.65,50.58
676.835,4.6,26.68,9.91,50.82
677.161,4.54,26.88,9.97,50.58
677.487,4.5,26.91,10.05,50.76
677.814,4.61,26.97,10.04,50.94
678.14,4.66,27.03,9.9,51.25
678.466,4.62,26.97,9.99,51.16
678.792,4.55,26.98,10,51.1
679.118,4.38,26.82,9.82,50.91
679.444,4.37,26.66,10.04,50.96
679.77,4.43,26.61,10.19,50.92
680.096,4.43,26.67,10.21,50.87
680.421,4.5,26.88,10.42,50.97
680.747,4.51,26.94,10.3,51.01
681.073,4.41,27.06,10.15,51.22
681.399,4.36,27.1,10.15,51.27
681.724,4.38,27.2,10.03,51.18
682.05,4.45,27.29,9.92,51.09
682.375,4.41,27.31,9.88,51.02
682.701,4.31,27.09,9.88,50.93
683.026,4.31,27.26,9.82,50.98
683.352,4.51,27.41,10.06,50.86
683.677,4.84,27.66,10.17,51.36
684.003,4.93,27.78,10.04,51.48
684.328,4.9,27.97,10.37,51.78
684.653,4.86,28.13,10.21,52
684.978,5,28.36,10.25,52.19
685.304,5.13,28.24,10.23,52.11
685.629,5.1,28.23,10.13,52.25
685.954,4.94,28.1,10.07,52.11
686.279,5.02,28.27,10.24,52.46
686.604,5.13,28.4,9.95,52.37
686.929,5.15,28.55,10.24,52.66
687.254,4.94,28.31,10,52.54
687.579,5.08,28.52,10.1,52.84
687.904,5.11,28.51,10.19,52.76
688.228,4.93,28.52,10.01,52.77
688.553,4.89,28.38,9.94,52.51
688.878,4.99,28.29,10.04,52.79
689.202,5.21,28.25,9.87,52.55
689.527,5.47,28.62,10.07,52.64
689.852,5.6,28.71,10.28,52.84
690.176,5.64,28.75,10.13,52.91
690.501,5.72,28.94,10.46,53.01
690.825,5.66,28.95,10.65,53.17
691.15,5.61,29,10.65,52.89
691.474,5.47,28.84,10.74,52.92
691.798,5.27,28.9,10.62,52.83
692.123,5.09,28.71,10.3,52.88
692.447,4.91,28.51,10.36,53
692.771,4.89,28.43,10.29,52.75
693.095,4.96,28.58,10.09,52.93
693.419,4.73,28.48,9.99,53.14
693.743,4.61,28.73,9.73,53.24
694.067,4.56,28.52,9.81,53.36
694.391,4.55,28.67,9.97,53.14
694.715,4.58,28.83,9.96,52.93
695.039,4.71,28.95,9.95,53.01
695.363,4.85,29.02,10.07,52.78
695.687,4.89,29.33,9.9,52.76
696.01,4.99,29.38,10.07,52.8
696.334,4.86,29.49,9.99,52.61
696.658,4.94,29.39,10.02,52.6
696.982,5.18,29.47,9.96,52.78
697.305,4.98,29.26,9.85,52.8
697.629,4.83,29.26,9.78,52.95
697.952,4.91,28.98,9.94,52.74
698.276,4.86,28.74,9.83,52.76
698.599,5.06,28.74,9.85,52.86
698.922,5.02,28.7,9.67,52.86
699.246,5.12,28.74,9.73,52.72
699.569,5.26,28.93,9.55,52.73
699.892,5.3,29.02,9.55,52.81
